times_to_first_token,times_to_completion,assistant_responses
0.6041684150695801,1.2447631359100342,"The image you've provided appears to be a classical painting, likely depicting a scene from ancient Greece or Rome. The presence of grand architecture, such as columns and"
0.18018865585327148,0.8213546276092529,The image shows a blank PowerPoint slide with placeholders for a title and subtitle. This is typically used in a presentation setting where content will be added later. The slide
0.17269515991210938,0.4832038879394531,The background color in the image appears to be a dark brown or black.
0.3785250186920166,1.0199456214904785,"This image appears to be a screenshot of a computer desktop. It shows multiple applications open, including a text editor, a word processing document, and a file explorer"
0.38094401359558105,1.0247817039489746,"The main subject of this image is a computer screen displaying a development environment, specifically PyCharm, which is an integrated development environment (IDE) for Python."
0.41339802742004395,1.055968999862671,"This image appears to be a screenshot of a computer screen showing a code editor interface, likely PyCharm, a popular IDE for Python development. The content displayed"
0.4877443313598633,1.1324260234832764,"This image could be named ""Dual-View Development Environment"" because it shows two different code editors side by side, likely representing a comparison or collaboration between two different"
0.5289096832275391,1.111088752746582,"No, there are no people visible in this image. It appears to be a screenshot of a computer desktop with various windows and applications open."
0.6698994636535645,1.3156344890594482,"The image depicts a serene landscape painting. It features lush greenery, trees, and a body of water in the foreground. In the middle ground, there is"
0.6116197109222412,1.2578070163726807,This image appears to be a screenshot of a computer desktop with multiple applications and windows open. It does not fit into a specific artistic style or genre but rather represents
0.7855856418609619,1.4329543113708496,"The background of the image appears to be a dark color, possibly black or very dark gray, which is typical for many code editors to provide contrast for the text"
0.6675941944122314,1.314333200454712,The image you provided is a screenshot of a computer desktop with multiple applications and windows open. It does not directly relate to B2B SaaS (Business-to
0.7239151000976562,1.371438980102539,"The image you've provided is a painting that depicts a serene landscape with ruins, people engaging in leisurely activities, and natural beauty. While it doesn't have"
0.7565419673919678,1.4047672748565674,"The image contains a variety of objects:

1. Multiple icons on the desktop.
2. A terminal window with text.
3. A text editor window with code"
0.8121378421783447,1.4614136219024658,"The image shows a computer desktop with multiple open windows, including a web browser displaying Ubuntu Desktop 24.04.1 LTS download information, a text"
0.803931474685669,1.4538359642028809,"The image appears to be a screenshot of a code editor or a text-based interface. There are no physical objects present; instead, it displays text and code."
0.9173977375030518,1.5680639743804932,"The image you've provided appears to be a painting depicting a grand event or celebration, possibly related to the opening of a significant venue or exhibition. The central focus"
0.9703896045684814,1.6211121082305908,The image you provided is a screenshot of a computer desktop with multiple applications and windows open. It does not directly relate to B2B SaaS (Business-to
0.9891953468322754,1.6400175094604492,"The main subject of this image is a computer desktop with multiple applications and windows open. The central focus appears to be a Visual Studio Code window, which is a"
1.015106201171875,1.6673123836517334,"The image shows a computer desktop with multiple open windows and applications. Here's a breakdown of the objects visible:

1. A web browser window displaying a page about"
1.0916497707366943,1.7446753978729248,"The most interesting aspect of this image is the juxtaposition of different applications and settings interfaces. The presence of multiple open windows, each displaying different functionalities, suggests a"
1.0702052116394043,1.660172700881958,"No, there are no people visible in this image. It appears to be a screenshot of a computer desktop with multiple applications and windows open."
1.1025855541229248,1.566681146621704,The background of the image appears to be a desktop wallpaper featuring a scenic view with mountains and a clear sky.
1.1139907836914062,1.7687997817993164,"The lighting in the image appears to be natural daylight, as indicated by the bright and even illumination across the scene. The sunlight seems to be coming from the left"
1.2307751178741455,1.8863792419433594,"The image conveys a sense of bustling activity and excitement. The presence of ships, people engaged in trade, and the vibrant colors suggest a lively and energetic atmosphere"
1.2786877155303955,1.9347436428070068,"The main subject of this image is a dramatic and chaotic scene depicting a battle or conflict. The painting shows numerous figures engaged in combat, with ships in the water"
1.2497026920318604,1.9062981605529785,"This image appears to be a screenshot of a PowerPoint presentation template. It is not a work of art or literature, but rather a digital design used for creating presentations"
1.302114725112915,1.9588730335235596,"The image depicts a vibrant and detailed painting of a bustling ancient cityscape, featuring grand architecture, a busy harbor, and a festive atmosphere with people engaged in various"
1.3097381591796875,1.9668524265289307,"It's difficult to determine the exact time of day from the image alone, as the lighting and shadows can vary depending on the position of the sun and other factors"
1.336287498474121,1.9928183555603027,"The image conveys a sense of concentration and productivity. The dark background and the focused layout of the code editor suggest a serious and dedicated atmosphere, often associated with"
1.408888339996338,2.0685107707977295,"The background of the image appears to have a textured appearance, with elements like rocks, trees, and possibly ruins contributing to a rugged and natural feel. The textures"
1.4288349151611328,1.7905161380767822,"This image could be titled ""A Serene Landscape with Ancient Ruins and Figures."""
1.4527902603149414,2.112067699432373,"The image shows a computer desktop with multiple open windows. The central window displays a document with text, while surrounding windows include a code editor, a terminal, and"
1.4625029563903809,2.122025966644287,"The most interesting aspect of this image is the variety of applications and tools open simultaneously, suggesting a complex and multifaceted workflow. The presence of a code editor"
1.600405216217041,2.06899356842041,The background of the image appears to be a desktop wallpaper featuring a scenic view with mountains and a clear sky.
1.640916347503662,2.3021693229675293,The image depicts a grand indoor event with a large crowd gathered around a central figure who is presenting something to a group of dignitaries. The setting includes a
1.6649532318115234,2.3265256881713867,"The background of the image appears to have a textured appearance, with elements like rocks, trees, and possibly ruins contributing to a rugged and natural feel. The textures"
1.7311029434204102,2.0742239952087402,"This image could be titled ""A Lush Landscape with a Dramatic Sky."""
1.726966142654419,2.3892147541046143,The image conveys a sense of productivity and focus. The organized layout of the computer desktop with multiple applications and documents suggests a dedicated and methodical approach to work
1.7944920063018799,2.458162546157837,"This image is a painting, not a photograph, so it cannot be taken in a specific location. However, the scene depicted in the painting appears to be set"
1.8046627044677734,2.4692258834838867,"The image is a painting depicting a serene landscape with a prominent ancient column in the foreground. The background features a river, mountains, and ruins, suggesting an ancient"
1.837425708770752,2.5021989345550537,"The image is a painting depicting a dramatic and chaotic scene. It features a large crowd of people, some of whom appear to be engaged in combat or conflict."
1.9073879718780518,2.573190689086914,The image depicts a grand indoor event with a large crowd gathered around a central figure who is presenting something to a group of dignitaries. The setting includes a
2.127545118331909,2.72930645942688,"No, there are no people visible in this image. It appears to be a screenshot of a computer desktop with multiple applications and windows open."
1.932448387145996,2.5982022285461426,"It's difficult to determine the exact time of day from the image alone, as the lighting and shadows can vary depending on the position of the sun and other factors"
2.0052452087402344,2.671532154083252,"The image depicts a bustling port scene with ships, people, and a vibrant atmosphere. The message conveyed is one of activity, trade, and human interaction in a"
1.8442482948303223,2.5121660232543945,"The image you've provided is a landscape painting. It showcases a serene and idyllic scene with rolling hills, a lake, and a distant mountain range."
2.05072283744812,2.7201597690582275,The image you've provided is a screenshot of a code editor with a focus on a Python script. It does not contain a moral or narrative message but rather serves
2.099524736404419,2.76910662651062,The image you provided is a screenshot of a computer desktop with multiple applications and windows open. It does not directly relate to B2B SaaS (Business-to
2.1279351711273193,2.797960042953491,"The image depicts a serene landscape with a prominent ancient column in the foreground, surrounded by lush vegetation and a river, with mountains and a cloudy sky in the background"
2.137169599533081,2.8073811531066895,"It's difficult to determine the exact time of day from the image alone, as the lighting and shadows can vary depending on the position of the sun and other factors"
2.2388978004455566,2.7368147373199463,"The background of the image appears to be a combination of blue and orange hues, typical of a sunset or sunrise."
2.253126859664917,2.923226833343506,"The image shows a computer desktop with multiple open windows. The central window displays a document with text, while surrounding windows include a code editor, a terminal, and"
2.2511637210845947,2.92370867729187,"The image appears to be a painting, and the lighting is soft and diffused, suggesting either early morning or late afternoon light. The sky has a warm tone"
2.291300058364868,2.9631941318511963,"The image appears to be a screenshot of a computer desktop with multiple applications and windows open. The lighting in the image is consistent with a standard computer screen display,"
2.337465286254883,3.0114097595214844,The image you provided is a screenshot of a code editor with a focus on a Python script. It does not contain a moral or narrative message but rather serves as
2.3704378604888916,3.04374361038208,"The image you've provided is a painting depicting a grand and bustling scene. It features a large crowd of people, ornate architecture, and a lively atmosphere."
2.4547154903411865,3.0199244022369385,"The background of the image appears to be a tropical coastal setting with palm trees, a clear sky, and a body of water."
2.4502086639404297,3.1247503757476807,"The image shows a blank PowerPoint slide with placeholders for a title and a subtitle. The slide is part of a presentation, and the user interface of PowerPoint is visible"
2.514404535293579,3.190154790878296,"The image depicts a serene landscape with a prominent ancient column in the foreground, surrounded by lush vegetation and a river, with mountains and a cloudy sky in the background"
